Customer_ID,Month,Monthly_Consumption,City,Connected_Load_kW
LCD00912,3,1103,SC,36
LCD00912,2,2303,SC,36
LCD00912,1,4636,SC,36
LCD00912,12,4595,SC,36
LCD00912,11,4449,SC,36
LCD00912,10,6080,SC,36
LCD00912,9,4674,SC,36
LCD00912,8,4396,SC,36
LCD00912,7,4893,SC,36
LCD00912,6,4094,SC,36
LCD00912,5,5542,SC,36
LCD00912,4,5013,SC,36
LCD01068,4,4133,SZ,96
LCD01068,3,13012,SZ,96
LCD01068,2,12879,SZ,96
LCD01068,1,15643,SZ,96
LCD01068,12,17489,SZ,96
LCD01068,11,17414,SZ,96
LCD01068,10,13635,SZ,96
LCD01068,9,12443,SZ,96
LCD01068,8,12785,SZ,96
LCD01068,7,12703,SZ,96
LCD01068,6,11959,SZ,96
LCD01068,5,12388,SZ,96
LCD01068,4,12577,SZ,96
LCD01210,4,2232,EZ,205
LCD01210,3,8713,EZ,205
LCD01210,2,7340,EZ,205
LCD01210,1,5498,EZ,205
LCD01210,12,5120,EZ,205
LCD01210,11,6756,EZ,205
LCD01210,10,7002,EZ,205
LCD01210,9,3490,EZ,205
LCD01210,8,3672,EZ,205
LCD01210,7,490,EZ,205
LCD01210,6,4943,EZ,205
LCD01210,5,8854,EZ,205
LCD01210,4,9201,EZ,205
LCD01268,4,2043,EZ,78
LCD01268,3,1127,EZ,78
LCD01268,3,3084,EZ,78
LCD01268,2,4579,EZ,78
LCD01268,1,2824,EZ,78
LCD01268,12,3927,EZ,78
LCD01268,11,2882,EZ,78
LCD01268,10,4863,EZ,78
LCD01268,9,4392,EZ,78
LCD01268,8,4741,EZ,78
LCD01268,7,4579,EZ,78
LCD01268,6,1982,EZ,78
LCD01268,5,3372,EZ,78
LCD01268,4,3257,EZ,78
LCD01275,4,890,EZ,27.5
LCD01275,3,456,EZ,27.5
LCD01275,3,1618,EZ,27.5
LCD01275,2,1897,EZ,27.5
LCD01275,1,1420,EZ,27.5
LCD01275,12,2058,EZ,27.5
LCD01275,11,1812,EZ,27.5
LCD01275,10,2317,EZ,27.5
LCD01275,9,1781,EZ,27.5
LCD01275,8,1859,EZ,27.5
LCD01275,7,1642,EZ,27.5
LCD01275,6,1197,EZ,27.5
LCD01275,5,1362,EZ,27.5
LCD01275,4,1638,EZ,27.5
LCD01384,4,8213,EZ,63
LCD01384,3,7191,EZ,63
LCD01384,3,15027,EZ,63
LCD01384,2,14668,EZ,63
LCD01384,1,12123,EZ,63
LCD01384,12,12287,EZ,63
LCD01384,11,15504,EZ,63
LCD01384,10,19804,EZ,63
LCD01384,9,17936,EZ,63
LCD01384,8,15470,EZ,63
LCD01384,7,17732,EZ,63
LCD01384,6,19239,EZ,63
LCD01384,5,18653,EZ,63
LCD01384,4,19098,EZ,63
LCD01390,3,8306,CZ,95
LCD01390,2,6672,CZ,95
LCD01390,1,6187,CZ,95
LCD01390,12,5947,CZ,95
LCD01390,11,6232,CZ,95
LCD01390,10,6613,CZ,95
LCD01390,9,5053,CZ,95
LCD01390,8,4738,CZ,95
LCD01390,7,3209,CZ,95
LCD01390,6,5890,CZ,95
LCD01390,5,8670,CZ,95
LCD01390,4,8365,CZ,95
LCD01408,4,2370,EZ,49
LCD01408,3,3347,EZ,49
LCD01408,3,7657,EZ,49
LCD01408,2,8294,EZ,49
LCD01408,1,2907,EZ,49
LCD01408,12,11774,EZ,49
LCD01408,11,4966,EZ,49
LCD01408,10,3974,EZ,49
LCD01408,9,4370,EZ,49
LCD01408,8,1182,EZ,49
LCD01408,7,3505,EZ,49
LCD01408,6,9301,EZ,49
LCD01408,5,11755,EZ,49
LCD01408,4,7046,EZ,49
LCD01509,4,7561,EZ,49
LCD01509,3,6288,EZ,49
LCD01509,3,10619,EZ,49
LCD01509,2,2517,EZ,49
LCD01509,1,2290,EZ,49
LCD01509,12,2095,EZ,49
LCD01509,11,2362,EZ,49
LCD01509,10,2973,EZ,49
LCD01509,9,2510,EZ,49
LCD01509,8,2488,EZ,49
LCD01509,7,2361,EZ,49
LCD01509,6,2532,EZ,49
LCD01509,5,2291,EZ,49
LCD01509,4,2493,EZ,49
LCD01520,4,2200,EZ,28
LCD01520,3,1702,EZ,28
LCD01520,3,2728,EZ,28
LCD01520,2,3887,EZ,28
LCD01520,1,2387,EZ,28
LCD01520,12,3820,EZ,28
LCD01520,11,2653,EZ,28
LCD01520,10,4908,EZ,28
LCD01520,9,4053,EZ,28
LCD01520,8,4265,EZ,28
LCD01520,7,3710,EZ,28
LCD01520,6,2367,EZ,28
LCD01520,5,3200,EZ,28
LCD01520,4,3038,EZ,28
LCD01521,4,0,EZ,49
LCD01521,3,0,EZ,49
LCD01521,3,1446,EZ,49
LCD01521,2,10668,EZ,49
LCD01521,1,9210,EZ,49
LCD01521,12,8718,EZ,49
LCD01521,11,10306,EZ,49
LCD01521,10,12727,EZ,49
LCD01521,9,11236,EZ,49
LCD01521,8,10243,EZ,49
LCD01521,7,10780,EZ,49
LCD01521,6,13968,EZ,49
LCD01521,5,12329,EZ,49
LCD01521,4,12259,EZ,49
LCD01580,4,1878,EZ,10
LCD01580,3,1191,EZ,10
LCD01580,2,872,EZ,10
LCD01580,1,836,EZ,10
LCD01580,12,903,EZ,10
LCD01580,11,1818,EZ,10
LCD01580,10,2370,EZ,10
LCD01580,9,2222,EZ,10
LCD01580,8,1115,EZ,10
LCD01580,7,2129,EZ,10
LCD01580,6,4665,EZ,10
LCD01580,5,5253,EZ,10
LCD01580,4,3451,EZ,10
LCD01621,4,844,EZ,27.5
LCD01621,3,535,EZ,27.5
LCD01621,3,1372,EZ,27.5
LCD01621,2,1860,EZ,27.5
LCD01621,1,1233,EZ,27.5
LCD01621,12,1614,EZ,27.5
LCD01621,11,1070,EZ,27.5
LCD01621,10,1804,EZ,27.5
LCD01621,9,1561,EZ,27.5
LCD01621,8,1584,EZ,27.5
LCD01621,7,1813,EZ,27.5
LCD01621,6,735,EZ,27.5
LCD01621,5,1166,EZ,27.5
LCD01621,4,1324,EZ,27.5
LCD01735,4,4291,EZ,188
LCD01735,3,16424,EZ,188
LCD01735,2,13891,EZ,188
LCD01735,1,13132,EZ,188
LCD01735,12,11706,EZ,188
LCD01735,11,12885,EZ,188
LCD01735,10,14039,EZ,188
LCD01735,9,11002,EZ,188
LCD01735,8,9700,EZ,188
LCD01735,7,6860,EZ,188
LCD01735,6,11529,EZ,188
LCD01735,5,16477,EZ,188
LCD01735,4,16360,EZ,188
LCD01742,4,6837,CZ,149
LCD01742,3,18434,CZ,149
LCD01742,2,13515,CZ,149
LCD01742,1,16328,CZ,149
LCD01742,12,15360,CZ,149
LCD01742,11,15849,CZ,149
LCD01742,10,21675,CZ,149
LCD01742,9,17543,CZ,149
LCD01742,8,20944,CZ,149
LCD01742,7,20235,CZ,149
LCD01742,6,21526,CZ,149
LCD01742,5,22954,CZ,149
LCD01742,4,21309,CZ,149
LCD01749,3,8154,CZ,28
LCD01749,2,10515,CZ,28
LCD01749,1,12241,CZ,28
LCD01749,12,11630,CZ,28
LCD01749,11,11046,CZ,28
LCD01749,10,12604,CZ,28
LCD01749,9,13284,CZ,28
LCD01749,8,13304,CZ,28
LCD01749,7,10290,CZ,28
LCD01749,6,9045,CZ,28
LCD01749,5,12655,CZ,28
LCD01749,4,10750,CZ,28
LCD01839,4,821,EZ,10
LCD01839,3,878,EZ,10
LCD01839,2,926,EZ,10
LCD01839,1,891,EZ,10
LCD01839,12,1176,EZ,10
LCD01839,11,991,EZ,10
LCD01839,10,1212,EZ,10
LCD01839,9,1176,EZ,10
LCD01839,8,1069,EZ,10
LCD01839,7,974,EZ,10
LCD01839,6,970,EZ,10
LCD01839,5,948,EZ,10
LCD01839,4,903,EZ,10
LCD01853,4,297,EZ,36
LCD01853,3,199,EZ,36
LCD01853,3,349,EZ,36
LCD01853,2,699,EZ,36
LCD01853,1,374,EZ,36
LCD01853,12,740,EZ,36
LCD01853,11,425,EZ,36
LCD01853,10,1017,EZ,36
LCD01853,9,868,EZ,36
LCD01853,8,807,EZ,36
LCD01853,7,719,EZ,36
LCD01853,6,291,EZ,36
LCD01853,5,488,EZ,36
LCD01853,4,358,EZ,36
LCD01955,4,1981,EZ,57
LCD01955,3,1079,EZ,57
LCD01955,3,2799,EZ,57
LCD01955,2,3385,EZ,57
LCD01955,1,2060,EZ,57
LCD01955,12,2795,EZ,57
LCD01955,11,1944,EZ,57
LCD01955,10,3708,EZ,57
LCD01955,9,3141,EZ,57
LCD01955,8,3218,EZ,57
LCD01955,7,3857,EZ,57
LCD01955,6,1030,EZ,57
LCD01955,5,1736,EZ,57
LCD01955,4,2609,EZ,57
LCD02004,3,8854,CZ,90
LCD02004,2,7377,CZ,90
LCD02004,1,6997,CZ,90
LCD02004,12,6925,CZ,90
LCD02004,11,7096,CZ,90
LCD02004,10,7190,CZ,90
LCD02004,9,5280,CZ,90
LCD02004,8,4838,CZ,90
LCD02004,7,3266,CZ,90
LCD02004,6,5911,CZ,90
LCD02004,5,8562,CZ,90
LCD02004,4,8729,CZ,90
LCD02166,3,7012,CZ,98
LCD02166,2,5658,CZ,98
LCD02166,1,4903,CZ,98
LCD02166,12,4996,CZ,98
LCD02166,11,5184,CZ,98
LCD02166,10,5846,CZ,98
LCD02166,9,4311,CZ,98
LCD02166,8,4017,CZ,98
LCD02166,7,2779,CZ,98
LCD02166,6,5188,CZ,98
LCD02166,5,7719,CZ,98
LCD02166,4,6877,CZ,98
LCD02310,3,3376,CZ,45
LCD02310,2,2783,CZ,45
LCD02310,1,2843,CZ,45
LCD02310,12,2795,CZ,45
LCD02310,11,3048,CZ,45
LCD02310,10,3514,CZ,45
LCD02310,9,2973,CZ,45
LCD02310,8,3523,CZ,45
LCD02310,7,3897,CZ,45
LCD02310,6,4270,CZ,45
LCD02310,5,4629,CZ,45
LCD02310,4,4183,CZ,45
LCD02316,3,209,EZ,149
LCD02316,2,133,EZ,149
LCD02316,1,133,EZ,149
LCD02316,12,128,EZ,149
LCD02316,11,121,EZ,149
LCD02316,10,12,EZ,149
LCD02316,9,0,EZ,149
LCD02316,8,4,EZ,149
LCD02316,7,1,EZ,149
LCD02316,6,1,EZ,149
LCD02316,5,2,EZ,149
LCD02316,4,1,EZ,149
LCD02335,3,4344,EZ,45
LCD02335,2,3561,EZ,45
LCD02335,1,3660,EZ,45
LCD02335,12,3692,EZ,45
LCD02335,11,3899,EZ,45
LCD02335,10,5534,EZ,45
LCD02335,9,4476,EZ,45
LCD02335,8,4898,EZ,45
LCD02335,7,5181,EZ,45
LCD02335,6,5067,EZ,45
LCD02335,5,5660,EZ,45
LCD02335,4,5153,EZ,45
LCD02336,3,17998,SZ,105.18
LCD02336,2,16941,SZ,105.18
LCD02336,1,16065,SZ,105.18
LCD02336,12,18695,SZ,105.18
LCD02336,11,18696,SZ,105.18
LCD02336,10,19446,SZ,105.18
LCD02336,9,19174,SZ,105.18
LCD02336,8,20619,SZ,105.18
LCD02336,7,18906,SZ,105.18
LCD02336,6,21274,SZ,105.18
LCD02336,5,20133,SZ,105.18
LCD02336,4,18922,SZ,105.18
LCD02337,4,0,SZ,146
LCD02337,4,0,SZ,146
LCD02337,3,0,SZ,146
LCD02337,2,0,SZ,146
LCD02337,1,0,SZ,146
LCD02337,12,0,SZ,146
LCD02337,11,0,SZ,146
LCD02337,10,0,SZ,146
LCD02337,9,0,SZ,146
LCD02337,8,0,SZ,146
LCD02337,7,0,SZ,146
LCD02337,6,0,SZ,146
LCD02337,5,0,SZ,146
LCD02337,4,0,SZ,146
LCD02338,3,10205,SC,83.363
LCD02338,2,7788,SC,83.363
LCD02338,1,7556,SC,83.363
LCD02338,12,7155,SC,83.363
LCD02338,11,7971,SC,83.363
LCD02338,10,9851,SC,83.363
LCD02338,9,10397,SC,83.363
LCD02338,8,9392,SC,83.363
LCD02338,7,8178,SC,83.363
LCD02338,6,9241,SC,83.363
LCD02338,5,10109,SC,83.363
LCD02338,4,9015,SC,83.363
LCD02339,3,196,SC,60
LCD02339,2,182,SC,60
LCD02339,1,123,SC,60
LCD02339,12,416,SC,60
LCD02339,11,204,SC,60
LCD02339,10,121,SC,60
LCD02339,9,153,SC,60
LCD02339,8,107,SC,60
LCD02339,7,119,SC,60
LCD02339,6,110,SC,60
LCD02339,5,99,SC,60
LCD02339,4,152,SC,60
LCD02347,4,0,EZ,55
LCD02347,3,0,EZ,55
LCD02347,3,0,EZ,55
LCD02347,2,0,EZ,55
LCD02347,1,0,EZ,55
LCD02347,12,0,EZ,55
LCD02347,11,0,EZ,55
LCD02347,10,0,EZ,55
LCD02347,9,0,EZ,55
LCD02347,8,0,EZ,55
LCD02347,7,0,EZ,55
LCD02347,6,0,EZ,55
LCD02347,5,0,EZ,55
LCD02347,4,0,EZ,55
LCD02352,3,5931,SC,130
LCD02352,2,5413,SC,130
LCD02352,1,5633,SC,130
LCD02352,12,5455,SC,130
LCD02352,11,6699,SC,130
LCD02352,10,8052,SC,130
LCD02352,9,6910,SC,130
LCD02352,8,7799,SC,130
LCD02352,7,8205,SC,130
LCD02352,6,8962,SC,130
LCD02352,5,8887,SC,130
LCD02352,4,8881,SC,130
LCD02353,3,4157,SC,80
LCD02353,2,3218,SC,80
LCD02353,1,3130,SC,80
LCD02353,12,3051,SC,80
LCD02353,11,3175,SC,80
LCD02353,10,4262,SC,80
LCD02353,9,3419,SC,80
LCD02353,8,3711,SC,80
LCD02353,7,3617,SC,80
LCD02353,6,4097,SC,80
LCD02353,5,5203,SC,80
LCD02353,4,4761,SC,80
LCD02361,3,0,EZ,36
LCD02361,3,0,EZ,36
LCD02361,2,0,EZ,36
LCD02361,1,0,EZ,36
LCD02361,1,0,EZ,36
LCD02361,12,0,EZ,36
LCD02361,11,0,EZ,36
LCD02361,10,0,EZ,36
LCD02361,9,0,EZ,36
LCD02361,8,0,EZ,36
LCD02361,7,2,EZ,36
LCD02361,6,3,EZ,36
LCD02361,6,0,EZ,36
LCD02361,5,2,EZ,36
LCD02361,4,4,EZ,36
LCD02364,3,221,EZ,63
LCD02364,2,77,EZ,63
LCD02364,1,266,EZ,63
LCD02364,12,718,EZ,63
LCD02364,11,541,EZ,63
LCD02364,10,651,EZ,63
LCD02364,9,415,EZ,63
LCD02364,8,607,EZ,63
LCD02364,7,524,EZ,63
LCD02364,6,263,EZ,63
LCD02364,5,461,EZ,63
LCD02364,4,285,EZ,63
LCD02366,3,5643,EZ,40
LCD02366,2,4557,EZ,40
LCD02366,1,4046,EZ,40
LCD02366,12,4140,EZ,40
LCD02366,11,4875,EZ,40
LCD02366,10,6196,EZ,40
LCD02366,9,4861,EZ,40
LCD02366,8,4782,EZ,40
LCD02366,7,5310,EZ,40
LCD02366,6,5320,EZ,40
LCD02366,5,6201,EZ,40
LCD02366,4,4960,EZ,40
LCD02367,3,6238,EZ,149
LCD02367,2,9457,EZ,149
LCD02367,1,8921,EZ,149
LCD02367,12,12178,EZ,149
LCD02367,11,8150,EZ,149
LCD02367,10,8382,EZ,149
LCD02367,9,6619,EZ,149
LCD02367,8,3418,EZ,149
LCD02367,7,5290,EZ,149
LCD02367,6,5921,EZ,149
LCD02367,5,6473,EZ,149
LCD02367,4,8758,EZ,149
LCD02370,3,4041,EZ,31
LCD02370,2,3536,EZ,31
LCD02370,1,3572,EZ,31
LCD02370,12,3214,EZ,31
LCD02370,11,3326,EZ,31
LCD02370,10,4787,EZ,31
LCD02370,9,4021,EZ,31
LCD02370,8,4493,EZ,31
LCD02370,7,4080,EZ,31
LCD02370,6,4186,EZ,31
LCD02370,5,4673,EZ,31
LCD02370,4,4193,EZ,31
LCD02372,3,16199,SC,80
LCD02372,2,11441,SC,80
LCD02372,1,10698,SC,80
LCD02372,12,9885,SC,80
LCD02372,11,10746,SC,80
LCD02372,10,12122,SC,80
LCD02372,9,12092,SC,80
LCD02372,8,13431,SC,80
LCD02372,7,11425,SC,80
LCD02372,6,14407,SC,80
LCD02372,5,13634,SC,80
LCD02372,4,12300,SC,80
LCD02375,3,5268,EZ,49
LCD02375,2,4235,EZ,49
LCD02375,1,3818,EZ,49
LCD02375,12,3662,EZ,49
LCD02375,11,5171,EZ,49
LCD02375,10,6250,EZ,49
LCD02375,9,5309,EZ,49
LCD02375,8,5263,EZ,49
LCD02375,7,3750,EZ,49
LCD02375,6,6512,EZ,49
LCD02375,5,7585,EZ,49
LCD02375,4,6248,EZ,49
LCD02392,3,2468,CZ,40
LCD02392,2,2043,CZ,40
LCD02392,1,2119,CZ,40
LCD02392,12,1900,CZ,40
LCD02392,11,1987,CZ,40
LCD02392,10,2448,CZ,40
LCD02392,9,2436,CZ,40
LCD02392,8,2799,CZ,40
LCD02392,7,2481,CZ,40
LCD02392,6,2937,CZ,40
LCD02392,5,2974,CZ,40
LCD02392,4,2453,CZ,40
LCD02400,3,4519,CZ,350
LCD02400,2,2864,CZ,350
LCD02400,1,7738,CZ,350
LCD02400,12,6707,CZ,350
LCD02400,11,4211,CZ,350
LCD02400,11,0,CZ,350
LCD02400,11,0,CZ,350
LCD02400,10,8143,CZ,350
LCD02400,9,4043,CZ,350
LCD02400,8,4688,CZ,350
LCD02400,7,5393,CZ,350
LCD02400,6,7834,CZ,350
LCD02400,5,10865,CZ,350
LCD02400,4,9870,CZ,350
LCD02404,3,5396,CZ,95
LCD02404,2,4186,CZ,95
LCD02404,1,4776,CZ,95
LCD02404,12,3483,CZ,95
LCD02404,11,4398,CZ,95
LCD02404,10,4521,CZ,95
LCD02404,9,5178,CZ,95
LCD02404,8,5205,CZ,95
LCD02404,7,5252,CZ,95
LCD02404,6,3499,CZ,95
LCD02404,5,1769,CZ,95
LCD02404,4,3120,CZ,95
LCD02410,3,4342,CZ,100
LCD02410,2,3335,CZ,100
LCD02410,1,3510,CZ,100
LCD02410,12,3611,CZ,100
LCD02410,11,4409,CZ,100
LCD02410,10,5332,CZ,100
LCD02410,9,4227,CZ,100
LCD02410,8,4552,CZ,100
LCD02410,7,4637,CZ,100
LCD02410,6,4978,CZ,100
LCD02410,5,5546,CZ,100
LCD02410,4,5577,CZ,100
LCD02413,3,2266,CZ,49
LCD02413,2,2103,CZ,49
LCD02413,1,2649,CZ,49
LCD02413,12,2260,CZ,49
LCD02413,11,2440,CZ,49
LCD02413,10,2811,CZ,49
LCD02413,9,1669,CZ,49
LCD02413,8,1463,CZ,49
LCD02413,7,1521,CZ,49
LCD02413,6,1518,CZ,49
LCD02413,5,1522,CZ,49
LCD02413,4,1778,CZ,49
LCD02415,3,0,CZ,140
LCD02415,2,20401,CZ,140
LCD02415,1,23794,CZ,140
LCD02415,12,25134,CZ,140
LCD02415,11,28190,CZ,140
LCD02415,10,29121,CZ,140
LCD02415,9,26339,CZ,140
LCD02415,8,25578,CZ,140
LCD02415,7,24387,CZ,140
LCD02415,6,28744,CZ,140
LCD02415,5,30854,CZ,140
LCD02415,4,25837,CZ,140
LCD02419,4,770,CZ,110
LCD02419,3,1926,CZ,110
LCD02419,3,2498,CZ,110
LCD02419,2,2640,CZ,110
LCD02419,1,2681,CZ,110
LCD02419,12,2781,CZ,110
LCD02419,11,3286,CZ,110
LCD02419,10,2838,CZ,110
LCD02419,9,3386,CZ,110
LCD02419,8,3381,CZ,110
LCD02419,7,3513,CZ,110
LCD02419,6,3423,CZ,110
LCD02419,5,3534,CZ,110
LCD02419,4,3734,CZ,110
LCD02420,3,4437,CZ,32
LCD02420,2,4903,CZ,32
LCD02420,1,6184,CZ,32
LCD02420,12,6208,CZ,32
LCD02420,11,5497,CZ,32
LCD02420,10,8011,CZ,32
LCD02420,9,6130,CZ,32
LCD02420,8,3741,CZ,32
LCD02420,7,4002,CZ,32
LCD02420,6,3167,CZ,32
LCD02420,5,3725,CZ,32
LCD02420,4,4234,CZ,32
LCD02450,3,1458,SC,67.46
LCD02450,2,1738,SC,67.46
LCD02450,1,1170,SC,67.46
LCD02450,12,2079,SC,67.46
LCD02450,11,2266,SC,67.46
LCD02450,10,2348,SC,67.46
LCD02450,9,2033,SC,67.46
LCD02450,8,2217,SC,67.46
LCD02450,7,3083,SC,67.46
LCD02450,6,4149,SC,67.46
LCD02450,5,5674,SC,67.46
LCD02450,4,5275,SC,67.46
LCD02451,3,5080,SC,109
LCD02451,2,5294,SC,109
LCD02451,1,5602,SC,109
LCD02451,12,4682,SC,109
LCD02451,11,5571,SC,109
LCD02451,10,6352,SC,109
LCD02451,9,5564,SC,109
LCD02451,8,6202,SC,109
LCD02451,7,6040,SC,109
LCD02451,6,5488,SC,109
LCD02451,5,6260,SC,109
LCD02451,4,5923,SC,109
LCD02452,3,17441,SC,200
LCD02452,2,17717,SC,200
LCD02452,1,18134,SC,200
LCD02452,12,19644,SC,200
LCD02452,11,19121,SC,200
LCD02452,10,23915,SC,200
LCD02452,9,20308,SC,200
LCD02452,8,19366,SC,200
LCD02452,7,20981,SC,200
LCD02452,6,21496,SC,200
LCD02452,5,18469,SC,200
LCD02452,4,21370,SC,200
LCD02461,3,4511,SC,91
LCD02461,2,4438,SC,91
LCD02461,1,4777,SC,91
LCD02461,12,4645,SC,91
LCD02461,11,4608,SC,91
LCD02461,10,5449,SC,91
LCD02461,9,8212,SC,91
LCD02461,8,9000,SC,91
LCD02461,7,8919,SC,91
LCD02461,6,7504,SC,91
LCD02461,5,7046,SC,91
LCD02461,4,3392,SC,91
LCD02463,3,713,SC,49
LCD02463,2,630,SC,49
LCD02463,1,785,SC,49
LCD02463,12,725,SC,49
LCD02463,11,797,SC,49
LCD02463,10,984,SC,49
LCD02463,9,743,SC,49
LCD02463,8,815,SC,49
LCD02463,7,711,SC,49
LCD02463,6,682,SC,49
LCD02463,5,852,SC,49
LCD02463,4,765,SC,49
LCD02464,3,12203,SC,115
LCD02464,2,10743,SC,115
LCD02464,1,11621,SC,115
LCD02464,12,9964,SC,115
LCD02464,11,8207,SC,115
LCD02464,10,10983,SC,115
LCD02464,9,10496,SC,115
LCD02464,8,11828,SC,115
LCD02464,7,12067,SC,115
LCD02464,6,11454,SC,115
LCD02464,5,12378,SC,115
LCD02464,4,12239,SC,115
LCD02465,3,9990,SC,81
LCD02465,2,9018,SC,81
LCD02465,1,9192,SC,81
LCD02465,12,9418,SC,81
LCD02465,11,4877,SC,81
LCD02465,10,4921,SC,81
LCD02465,9,5828,SC,81
LCD02465,8,11086,SC,81
LCD02465,7,11611,SC,81
LCD02465,6,11671,SC,81
LCD02465,5,12049,SC,81
LCD02465,4,11690,SC,81
LCD02466,3,8968,SC,70
LCD02466,2,8065,SC,70
LCD02466,1,8772,SC,70
LCD02466,12,8337,SC,70
LCD02466,11,8009,SC,70
LCD02466,10,8514,SC,70
LCD02466,9,8516,SC,70
LCD02466,8,8840,SC,70
LCD02466,7,8707,SC,70
LCD02466,6,8154,SC,70
LCD02466,5,8470,SC,70
LCD02466,4,7794,SC,70
LCD02467,3,8187,SC,75
LCD02467,2,7340,SC,75
LCD02467,1,7584,SC,75
LCD02467,12,8143,SC,75
LCD02467,11,7328,SC,75
LCD02467,10,8072,SC,75
LCD02467,9,7574,SC,75
LCD02467,8,7696,SC,75
LCD02467,7,7935,SC,75
LCD02467,6,7829,SC,75
LCD02467,5,8138,SC,75
LCD02467,4,7932,SC,75
LCD02468,3,5364,SC,90
LCD02468,2,4885,SC,90
LCD02468,1,5200,SC,90
LCD02468,12,5227,SC,90
LCD02468,11,5441,SC,90
LCD02468,10,5591,SC,90
LCD02468,9,5108,SC,90
LCD02468,8,5254,SC,90
LCD02468,7,5401,SC,90
LCD02468,6,5426,SC,90
LCD02468,5,5350,SC,90
LCD02468,4,5154,SC,90
LCD02474,3,7144,CZ,95
LCD02474,2,6213,CZ,95
LCD02474,1,6670,CZ,95
LCD02474,12,7189,CZ,95
LCD02474,11,7916,CZ,95
LCD02474,10,7614,CZ,95
LCD02474,9,6008,CZ,95
LCD02474,8,6619,CZ,95
LCD02474,7,5530,CZ,95
LCD02474,6,5611,CZ,95
LCD02474,5,6478,CZ,95
LCD02474,4,4812,CZ,95
LCD02475,3,9780,CZ,148
LCD02475,2,7958,CZ,148
LCD02475,1,6720,CZ,148
LCD02475,12,5680,CZ,148
LCD02475,11,3191,CZ,148
LCD02475,11,0,CZ,148
LCD02475,10,0,CZ,148
LCD02475,10,7735,CZ,148
LCD02475,9,9275,CZ,148
LCD02475,8,8970,CZ,148
LCD02475,7,10207,CZ,148
LCD02475,6,9908,CZ,148
LCD02475,5,11003,CZ,148
LCD02475,4,10243,CZ,148
LCD02481,3,1541,SC,60
LCD02481,2,1348,SC,60
LCD02481,1,1468,SC,60
LCD02481,12,1509,SC,60
LCD02481,11,1460,SC,60
LCD02481,10,1602,SC,60
LCD02481,9,1598,SC,60
LCD02481,8,1536,SC,60
LCD02481,7,1832,SC,60
LCD02481,6,1717,SC,60
LCD02481,5,1746,SC,60
LCD02481,4,1870,SC,60
LCD02484,3,12555,EZ,100
LCD02484,2,10010,EZ,100
LCD02484,1,10720,EZ,100
LCD02484,12,9890,EZ,100
LCD02484,11,11441,EZ,100
LCD02484,10,15075,EZ,100
LCD02484,9,12178,EZ,100
LCD02484,8,12559,EZ,100
LCD02484,7,12386,EZ,100
LCD02484,6,13930,EZ,100
LCD02484,5,18150,EZ,100
LCD02484,4,16399,EZ,100
LCD02494,3,2464,SZ,37
LCD02494,2,2613,SZ,37
LCD02494,1,2798,SZ,37
LCD02494,12,2686,SZ,37
LCD02494,11,2326,SZ,37
LCD02494,10,2836,SZ,37
LCD02494,9,2413,SZ,37
LCD02494,8,2753,SZ,37
LCD02494,7,2945,SZ,37
LCD02494,6,2783,SZ,37
LCD02494,5,2646,SZ,37
LCD02494,4,2885,SZ,37
LCD02497,3,4090,SZ,39
LCD02497,2,3805,SZ,39
LCD02497,1,4344,SZ,39
LCD02497,12,4144,SZ,39
LCD02497,11,3657,SZ,39
LCD02497,10,4138,SZ,39
LCD02497,9,3778,SZ,39
LCD02497,8,4402,SZ,39
LCD02497,7,4484,SZ,39
LCD02497,6,4597,SZ,39
LCD02497,5,4494,SZ,39
LCD02497,4,4485,SZ,39
LCD02498,3,2570,SZ,33
LCD02498,2,2450,SZ,33
LCD02498,1,2695,SZ,33
LCD02498,12,2668,SZ,33
LCD02498,11,2058,SZ,33
LCD02498,10,2721,SZ,33
LCD02498,9,2438,SZ,33
LCD02498,8,2740,SZ,33
LCD02498,7,2835,SZ,33
LCD02498,6,2741,SZ,33
LCD02498,5,2782,SZ,33
LCD02498,4,2673,SZ,33
LCD02500,3,6302,SZ,45
LCD02500,2,5775,SZ,45
LCD02500,1,6172,SZ,45
LCD02500,12,6177,SZ,45
LCD02500,11,5207,SZ,45
LCD02500,10,6413,SZ,45
LCD02500,9,5776,SZ,45
LCD02500,8,6028,SZ,45
LCD02500,7,6210,SZ,45
LCD02500,6,6364,SZ,45
LCD02500,5,6605,SZ,45
LCD02500,4,6266,SZ,45
LCD02501,3,5513,SC,60
LCD02501,2,4642,SC,60
LCD02501,1,4549,SC,60
LCD02501,12,4652,SC,60
LCD02501,11,5018,SC,60
LCD02501,10,5844,SC,60
LCD02501,9,4667,SC,60
LCD02501,8,4645,SC,60
LCD02501,7,4623,SC,60
LCD02501,6,5587,SC,60
LCD02501,5,5831,SC,60
LCD02501,4,6167,SC,60
LCD02520,3,5168,SZ,348.99
LCD02520,2,4489,SZ,348.99
LCD02520,1,5218,SZ,348.99
LCD02520,12,5189,SZ,348.99
LCD02520,11,5317,SZ,348.99
LCD02520,10,5520,SZ,348.99
LCD02520,9,5126,SZ,348.99
LCD02520,8,5166,SZ,348.99
LCD02520,7,5461,SZ,348.99
LCD02520,6,6900,SZ,348.99
LCD02520,5,5794,SZ,348.99
LCD02520,4,5069,SZ,348.99
LCD02521,3,18094,SZ,140
LCD02521,2,15617,SZ,140
LCD02521,1,17122,SZ,140
LCD02521,12,17102,SZ,140
LCD02521,11,20274,SZ,140
LCD02521,10,23217,SZ,140
LCD02521,9,18581,SZ,140
LCD02521,8,19110,SZ,140
LCD02521,7,19466,SZ,140
LCD02521,6,21282,SZ,140
LCD02521,5,22489,SZ,140
LCD02521,4,20731,SZ,140
LCD02523,3,5162,SC,63.5
LCD02523,2,3581,SC,63.5
LCD02523,1,3539,SC,63.5
LCD02523,12,4332,SC,63.5
LCD02523,11,6182,SC,63.5
LCD02523,10,7484,SC,63.5
LCD02523,9,5934,SC,63.5
LCD02523,8,5267,SC,63.5
LCD02523,7,5121,SC,63.5
LCD02523,6,7212,SC,63.5
LCD02523,5,6989,SC,63.5
LCD02523,4,6438,SC,63.5
LCD02525,3,3466,SC,100
LCD02525,2,2548,SC,100
LCD02525,1,4093,SC,100
LCD02525,12,5330,SC,100
LCD02525,11,4977,SC,100
LCD02525,10,4796,SC,100
LCD02525,9,3426,SC,100
LCD02525,8,3716,SC,100
LCD02525,7,3874,SC,100
LCD02525,6,4251,SC,100
LCD02525,5,4528,SC,100
LCD02525,4,3866,SC,100
LCD02526,3,6059,SC,68
LCD02526,2,4746,SC,68
LCD02526,1,4445,SC,68
LCD02526,12,4328,SC,68
LCD02526,11,4775,SC,68
LCD02526,10,5613,SC,68
LCD02526,9,4764,SC,68
LCD02526,8,5543,SC,68
LCD02526,7,5133,SC,68
LCD02526,6,6438,SC,68
LCD02526,5,7806,SC,68
LCD02526,4,7177,SC,68
LCD02527,3,2822,SC,100
LCD02527,2,1607,SC,100
LCD02527,1,2021,SC,100
LCD02527,12,2063,SC,100
LCD02527,11,2389,SC,100
LCD02527,10,3063,SC,100
LCD02527,9,2859,SC,100
LCD02527,8,2978,SC,100
LCD02527,7,2981,SC,100
LCD02527,6,3189,SC,100
LCD02527,5,4096,SC,100
LCD02527,4,3553,SC,100
LCD02529,3,4140,SC,100
LCD02529,2,3073,SC,100
LCD02529,1,2672,SC,100
LCD02529,12,2510,SC,100
LCD02529,11,3251,SC,100
LCD02529,10,4937,SC,100
LCD02529,9,4439,SC,100
LCD02529,8,3848,SC,100
LCD02529,7,4388,SC,100
LCD02529,6,4822,SC,100
LCD02529,5,5196,SC,100
LCD02529,4,4890,SC,100
LCD02530,3,317,SC,88
LCD02530,2,211,SC,88
LCD02530,1,231,SC,88
LCD02530,12,225,SC,88
LCD02530,11,212,SC,88
LCD02530,10,293,SC,88
LCD02530,9,104,SC,88
LCD02530,8,1443,SC,88
LCD02530,7,4479,SC,88
LCD02530,6,4549,SC,88
LCD02530,5,712,SC,88
LCD02530,4,139,SC,88
LCD02539,3,14348,EZ,49
LCD02539,2,12291,EZ,49
LCD02539,1,12878,EZ,49
LCD02539,12,11582,EZ,49
LCD02539,11,10685,EZ,49
LCD02539,10,11106,EZ,49
LCD02539,9,5687,EZ,49
LCD02539,8,4,EZ,49
LCD02539,7,253,EZ,49
LCD02539,6,1415,EZ,49
LCD02539,5,4911,EZ,49
LCD02539,4,5701,EZ,49
LCD02541,3,350,EZ,89
LCD02541,2,271,EZ,89
LCD02541,1,290,EZ,89
LCD02541,12,292,EZ,89
LCD02541,11,286,EZ,89
LCD02541,10,250,EZ,89
LCD02541,9,278,EZ,89
LCD02541,8,266,EZ,89
LCD02541,7,1037,EZ,89
LCD02541,6,1410,EZ,89
LCD02541,5,452,EZ,89
LCD02541,4,438,EZ,89
LCD02542,3,8185,SZ,73
LCD02542,2,7386,SZ,73
LCD02542,1,8394,SZ,73
LCD02542,12,7922,SZ,73
LCD02542,11,6610,SZ,73
LCD02542,10,7636,SZ,73
LCD02542,9,7081,SZ,73
LCD02542,8,7296,SZ,73
LCD02542,7,7952,SZ,73
LCD02542,6,7630,SZ,73
LCD02542,5,7533,SZ,73
LCD02542,4,7705,SZ,73
LCD02544,3,9455,EZ,188
LCD02544,2,9998,EZ,188
LCD02544,1,10552,EZ,188
LCD02544,12,9604,EZ,188
LCD02544,11,8828,EZ,188
LCD02544,10,9988,EZ,188
LCD02544,9,9724,EZ,188
LCD02544,8,10381,EZ,188
LCD02544,7,10962,EZ,188
LCD02544,6,9876,EZ,188
LCD02544,5,10315,EZ,188
LCD02544,4,10393,EZ,188
LCD02545,3,32708,EZ,188
LCD02545,2,26704,EZ,188
LCD02545,1,30413,EZ,188
LCD02545,12,28991,EZ,188
LCD02545,11,29447,EZ,188
LCD02545,10,33804,EZ,188
LCD02545,9,30311,EZ,188
LCD02545,8,33245,EZ,188
LCD02545,7,32950,EZ,188
LCD02545,6,34140,EZ,188
LCD02545,5,38352,EZ,188
LCD02545,4,35771,EZ,188
LCD02546,3,20165,EZ,188
LCD02546,2,18066,EZ,188
LCD02546,1,20545,EZ,188
LCD02546,12,19925,EZ,188
LCD02546,11,19255,EZ,188
LCD02546,10,22079,EZ,188
LCD02546,9,20527,EZ,188
LCD02546,8,22105,EZ,188
LCD02546,7,21551,EZ,188
LCD02546,6,21469,EZ,188
LCD02546,5,23033,EZ,188
LCD02546,4,21922,EZ,188
LCD02547,3,50069,EZ,188
LCD02547,2,42367,EZ,188
LCD02547,1,43447,EZ,188
LCD02547,12,46702,EZ,188
LCD02547,11,43162,EZ,188
LCD02547,10,49526,EZ,188
LCD02547,9,45546,EZ,188
LCD02547,8,45691,EZ,188
LCD02547,7,46434,EZ,188
LCD02547,6,48082,EZ,188
LCD02547,5,51343,EZ,188
LCD02547,4,50449,EZ,188
LCD02548,3,83543,EZ,188
LCD02548,2,76073,EZ,188
LCD02548,1,83906,EZ,188
LCD02548,12,82343,EZ,188
LCD02548,11,78107,EZ,188
LCD02548,10,80708,EZ,188
LCD02548,9,76739,EZ,188
LCD02548,8,79814,EZ,188
LCD02548,7,81859,EZ,188
LCD02548,6,81499,EZ,188
LCD02548,5,83600,EZ,188
LCD02548,4,82854,EZ,188
LCD02550,3,18213,EZ,149
LCD02550,2,16330,EZ,149
LCD02550,1,17930,EZ,149
LCD02550,12,15030,EZ,149
LCD02550,11,14708,EZ,149
LCD02550,10,21698,EZ,149
LCD02550,9,19443,EZ,149
LCD02550,8,25986,EZ,149
LCD02550,7,25445,EZ,149
LCD02550,6,25073,EZ,149
LCD02550,5,17714,EZ,149
LCD02550,4,22292,EZ,149
LCD02568,3,21850,EZ,150
LCD02568,2,19890,EZ,150
LCD02568,1,19536,EZ,150
LCD02568,12,20192,EZ,150
LCD02568,11,18936,EZ,150
LCD02568,10,21552,EZ,150
LCD02568,9,21133,EZ,150
LCD02568,8,23142,EZ,150
LCD02568,7,24590,EZ,150
LCD02568,6,24279,EZ,150
LCD02568,5,22209,EZ,150
LCD02568,4,23800,EZ,150
LCD02569,3,7670,EZ,80
LCD02569,2,5436,EZ,80
LCD02569,1,4792,EZ,80
LCD02569,12,3945,EZ,80
LCD02569,11,3810,EZ,80
LCD02569,10,6613,EZ,80
LCD02569,9,5959,EZ,80
LCD02569,8,6504,EZ,80
LCD02569,7,6521,EZ,80
LCD02569,6,4796,EZ,80
LCD02569,5,2617,EZ,80
LCD02569,4,5823,EZ,80
LCD02577,3,10157,SC,81
LCD02577,2,7262,SC,81
LCD02577,1,5043,SC,81
LCD02577,12,5595,SC,81
LCD02577,11,5854,SC,81
LCD02577,10,6958,SC,81
LCD02577,9,5863,SC,81
LCD02577,8,6480,SC,81
LCD02577,7,6066,SC,81
LCD02577,6,5791,SC,81
LCD02577,5,6071,SC,81
LCD02577,4,6109,SC,81
LCD02581,4,0,NZ,60
LCD02581,3,0,NZ,60
LCD02581,3,6590,NZ,60
LCD02581,2,7339,NZ,60
LCD02581,1,7133,NZ,60
LCD02581,12,6798,NZ,60
LCD02581,11,6158,NZ,60
LCD02581,10,4700,NZ,60
LCD02581,9,4827,NZ,60
LCD02581,8,4882,NZ,60
LCD02581,7,5042,NZ,60
LCD02581,6,4767,NZ,60
LCD02581,5,4554,NZ,60
LCD02581,4,5235,NZ,60
LCD02590,3,8510,CZ,92
LCD02590,2,8108,CZ,92
LCD02590,1,9479,CZ,92
LCD02590,12,9030,CZ,92
LCD02590,11,8539,CZ,92
LCD02590,10,10050,CZ,92
LCD02590,9,9100,CZ,92
LCD02590,8,9857,CZ,92
LCD02590,7,9172,CZ,92
LCD02590,6,9065,CZ,92
LCD02590,5,9161,CZ,92
LCD02590,4,8990,CZ,92
LCD02591,3,5152,CZ,100
LCD02591,2,4394,CZ,100
LCD02591,1,5031,CZ,100
LCD02591,12,4276,CZ,100
LCD02591,11,4121,CZ,100
LCD02591,10,4463,CZ,100
LCD02591,9,3933,CZ,100
LCD02591,8,4092,CZ,100
LCD02591,7,4401,CZ,100
LCD02591,6,4636,CZ,100
LCD02591,5,4669,CZ,100
LCD02591,4,4935,CZ,100
LCD02592,3,18513,CZ,149
LCD02592,2,16864,CZ,149
LCD02592,1,19103,CZ,149
LCD02592,12,18180,CZ,149
LCD02592,11,17617,CZ,149
LCD02592,10,18458,CZ,149
LCD02592,9,18465,CZ,149
LCD02592,8,19535,CZ,149
LCD02592,7,18781,CZ,149
LCD02592,6,18128,CZ,149
LCD02592,5,18543,CZ,149
LCD02592,4,17834,CZ,149
LCD02593,3,6934,CZ,100
LCD02593,2,5898,CZ,100
LCD02593,1,6354,CZ,100
LCD02593,12,5109,CZ,100
LCD02593,11,6056,CZ,100
LCD02593,10,7436,CZ,100
LCD02593,9,5834,CZ,100
LCD02593,8,6725,CZ,100
LCD02593,7,6268,CZ,100
LCD02593,6,6766,CZ,100
LCD02593,5,8019,CZ,100
LCD02593,4,7632,CZ,100
LCD02594,3,5698,CZ,37.6
LCD02594,2,5418,CZ,37.6
LCD02594,1,5685,CZ,37.6
LCD02594,12,5354,CZ,37.6
LCD02594,11,5102,CZ,37.6
LCD02594,10,5346,CZ,37.6
LCD02594,9,6443,CZ,37.6
LCD02594,8,7044,CZ,37.6
LCD02594,7,6496,CZ,37.6
LCD02594,6,6361,CZ,37.6
LCD02594,5,6112,CZ,37.6
LCD02594,4,6638,CZ,37.6
LCD02595,3,2035,CZ,37.6
LCD02595,2,2597,CZ,37.6
LCD02595,1,3012,CZ,37.6
LCD02595,12,3569,CZ,37.6
LCD02595,11,7436,CZ,37.6
LCD02595,10,7840,CZ,37.6
LCD02595,9,9355,CZ,37.6
LCD02595,8,12202,CZ,37.6
LCD02595,7,11769,CZ,37.6
LCD02595,6,11592,CZ,37.6
LCD02595,5,12393,CZ,37.6
LCD02595,4,12254,CZ,37.6
LCD02596,3,12888,CZ,117
LCD02596,2,11714,CZ,117
LCD02596,1,12829,CZ,117
LCD02596,12,12332,CZ,117
LCD02596,11,12150,CZ,117
LCD02596,10,13632,CZ,117
LCD02596,9,15799,CZ,117
LCD02596,8,16836,CZ,117
LCD02596,7,15447,CZ,117
LCD02596,6,14360,CZ,117
LCD02596,5,14356,CZ,117
LCD02596,4,13866,CZ,117
LCD02597,3,4824,CZ,118
LCD02597,2,4466,CZ,118
LCD02597,1,5457,CZ,118
LCD02597,12,6046,CZ,118
LCD02597,11,6547,CZ,118
LCD02597,10,6834,CZ,118
LCD02597,9,5078,CZ,118
LCD02597,8,5062,CZ,118
LCD02597,7,4924,CZ,118
LCD02597,6,4475,CZ,118
LCD02597,5,5307,CZ,118
LCD02597,4,5671,CZ,118
LCD02598,3,8388,CZ,108
LCD02598,2,8332,CZ,108
LCD02598,1,9369,CZ,108
LCD02598,12,9669,CZ,108
LCD02598,11,8956,CZ,108
LCD02598,10,9650,CZ,108
LCD02598,9,8554,CZ,108
LCD02598,8,9405,CZ,108
LCD02598,7,8499,CZ,108
LCD02598,6,8941,CZ,108
LCD02598,5,9551,CZ,108
LCD02598,4,9125,CZ,108
LCD02599,3,3235,CZ,80
LCD02599,2,3370,CZ,80
LCD02599,1,3884,CZ,80
LCD02599,12,3601,CZ,80
LCD02599,11,3004,CZ,80
LCD02599,10,3478,CZ,80
LCD02599,9,3792,CZ,80
LCD02599,8,4112,CZ,80
LCD02599,7,3817,CZ,80
LCD02599,6,3771,CZ,80
LCD02599,5,4032,CZ,80
LCD02599,4,3899,CZ,80
LCD02600,3,18662,CZ,73
LCD02600,2,16808,CZ,73
LCD02600,1,18758,CZ,73
LCD02600,12,18545,CZ,73
LCD02600,11,19321,CZ,73
LCD02600,10,20537,CZ,73
LCD02600,9,20068,CZ,73
LCD02600,8,21366,CZ,73
LCD02600,7,20384,CZ,73
LCD02600,6,20256,CZ,73
LCD02600,5,21041,CZ,73
LCD02600,4,20350,CZ,73
LCD02601,3,4492,CZ,76.5
LCD02601,2,4210,CZ,76.5
LCD02601,1,4595,CZ,76.5
LCD02601,12,4716,CZ,76.5
LCD02601,11,4326,CZ,76.5
LCD02601,10,4651,CZ,76.5
LCD02601,9,4307,CZ,76.5
LCD02601,8,4696,CZ,76.5
LCD02601,7,4693,CZ,76.5
LCD02601,6,4422,CZ,76.5
LCD02601,5,4787,CZ,76.5
LCD02601,4,4613,CZ,76.5
LCD02602,3,7327,CZ,139
LCD02602,2,7379,CZ,139
LCD02602,1,8058,CZ,139
LCD02602,12,7652,CZ,139
LCD02602,11,6850,CZ,139
LCD02602,10,6934,CZ,139
LCD02602,9,7203,CZ,139
LCD02602,8,7753,CZ,139
LCD02602,7,7584,CZ,139
LCD02602,6,7214,CZ,139
LCD02602,5,7020,CZ,139
LCD02602,4,6883,CZ,139
